"iPhone Xr, 64 ГБ,""['18000', '₽']"",""Б⁠/⁠у, 6.1″"",IPhone XR 64Gb кораловый. Хорошее состояние. Рст. Чеки. На стекле есть незначительные потертости. В кожаном чехле/визитнице. Весь комплект. Куплен в re-store. Торг на месте. Любые проверки."
"iPhone 6, 32 ГБ,""['18000', '₽']"",""Б⁠/⁠у, 4.7″"",""4 телефона оригинал. 2-5s, 1-4s, 1-6айфон. Коробки есть."""
"iPhone 6S Plus, 128 ГБ,""['8000', '₽']"",""Б⁠/⁠у, 5.5″"",""Состояние близкое к идеалу!"
"Если и есть незначительные потертости то почти незаметно!"""
"Vertu CONSTELLATION X, 6/128 ГБ,""['77000', '₽']"",""Б⁠/⁠у, 5.5″"",""Телефон vertu constellation X, оригинал hand made in England, куплен в Париже в брендовом шоуруме, в эксплуатации не долго, все отлично работает, заменена аккумуляторная батарея (на оригинальную новую в мае 2024 г.). В отличном состоянии."""
"iPhone X, 256 ГБ,""['26000', '₽']"",""Б⁠/⁠у, 5.8″"",""Продаю свой iPhone X 256Гб Ростест в отличном состоянии, работают все датчики и функции. С первого дня использовался в защитных чехлах и бамперах, никогда не бился. Любые проверки на месте. Отвязан от всех аккаунтов."

Замена оригинального аккумулятора была сделана в официальном сервисе Apple в Страсбурге в январе 2024 г. (подтверждающая квитанция на фото).

"В комплекте: сам iPhone X 256Гб, провод зарядки, коробка."""
"Google Pixel 7a, 8/128 ГБ,""['32000', '₽']"",""Б⁠/⁠у, 6.1″"",""Google pixel 7 a 128 ГБ, с коробкой, использовался с чехлом и защитной пленкой, продаю свое за не надобностью, в хорошем рабочем состоянии. В отличном состоянии. Полный комплект: Коробка. Отвязан от всех аккаунтов."""
"Xiaomi Redmi 12 5G, 8/256 ГБ,""['10100', '₽']"",Новый,""Продаются новые Redmi 12 5g. Полный комплект. В наличии обе расцветки."
"Отправляем Авито доставкой."""
"iPhone Xr, 128 ГБ,""['19500', '₽']"",""Новый, 6.1″"",""Телефон в идеальном состоянии как новый, всё отлично работает, это iPhone XR в корпусе 15pro, в комплекте идёт телефон и коробка и кабель, две недели гарантии от нашего магазина, есть обмен трейд-ин есть скупка предлагаете варианты, есть доставка по Москве 500₽ в течении двух часов оплата при получении курьеру, отправляем в Регионы через Авито Доставку Сдэк боксберрй, есть Самовывоз ТК Савеловский, мобильный ряд, павильон Л68 выход из метро на право прямо до конца по переходу, с лева 4 выход по лестнице попадёте в ТК, далее прямо с лева Павильон Л68 работаем с 11:00 до 20:30, Сущевский вал дом 5 стр 8, Пишите звоните."""
"iPhone 15, 256 ГБ,""['84500', '₽']"",""Новый, 6.1″"",""Добрый день!"

На связи Ogw Trade.

В наличии: iPhone 15 (256gb) Blue.

Dynamic Island.

Dynamic Island отображает всплывающие оповещения и интерактивные действия, поэтому вы не пропустите их, пока занимаетесь чем-то другим. Вы можете отслеживать свою следующую поездку, видеть, кто звонит, проверять статус рейса и многое другое.

Целый день автономной работы.

Аккумулятор смартфона обеспечит до 26 часов воспроизведение видео на iPhone 15 Plus и до 20 часов воспроизведение видео на iPhone 15.

Процессор A16 Bionic.

A16 Bionic поддерживает все виды расширенных функций. Например, цифровая обработка фотографий, плавная работа в играх с интенсивным использованием графики, активное шумоподавление и приоритезацию голоса при телефонных звонках. И все это с невероятной эффективностью и длительным временем автономной работы.

Графический процессор A16 Bionic работает до 40 % быстрее, чем графический процессор iPhone 12.

Usb-разъем.

Новый разъем Usb-C позволяет заряжать Mac или iPad с помощью того же кабеля, который вы используете для зарядки iPhone 15. Вы даже можете использовать iPhone 15 для зарядки Apple Watch или AirPods.

При покупки телефона защитное стекло в подарок.

Самовывоз:

Метро Савеловская.

Сущевский вал 5с1 5 подъезд, 2 этаж, 0203 офис.

Метро Багратионовская.

Багратионовский пр., 7, корп. 2, 121087.

Доставка:

Возможно отправка Авито доставкой: Сдэк, exmail, Boxberry.

"Доставка по Москве нашим курьером."""
"iPhone 13 Pro Max, 512 ГБ,""['63000', '₽']"",""Б⁠/⁠у, 6.7″"",""Продам iPhone 13 Pro Max золотой на 512гб. Рст."
Телефон технически в идеальном состоянии. Не вскрывали и не ремонтировали.
Есть небольшие царапины на дисплее, в использовании не мешают и незаметны.

В комплекте: телефон, чехол, зарядный кабель, установлено хорошее защитное стекло.
Любые проверки на месте.

"Небольшой обоснованный торг."""
"iPhone 12 Pro Max, 128 ГБ,""['53990', '₽']"",""Новый, 6.7″"",""IPhone 12 Pro Max 128Gb. Gold."
Оригинальный магазин техники Apple.
Cвяжитеcь c нaми и мы oбязaтельно поможем определиться с выбором или ответим на интересующие вопросы.

Магазин iPhone Market.
— Отличная репутация и лояльный подход к каждому покупателю
— Огромное наличие техники Apple.
— Бесплатная Гарантия 12 месяцев с момента покупки
— Бесплатная экспертная консультация по настройке техники
— Быстрый перенос всех данных после покупки

Как получить?
— Экспресс — доставка по Москве и Московской области (в течение дня)
— Бесплатная Доставка по всей России (3-4 дня в зависимости от удаленности)
— Самовывоз в центре Москвы

Как можно оплатить?
Оплатить можно любым удобным способом.

О Телефоне.
Сертификация/модель: EU iPhone 12 Pro Max.
Цвет: Gold.
Память: 128Gb.

Позвоните нам и получите Эксклюзивный Подарок при покупке смартфона.

"Артикул: Артикул- 0000727."""
"iPhone 12 Pro Max, 512 ГБ,""['63390', '₽']"",""Новый, 6.7″"",""IPhone 12 Pro Max 512Гб. Серебристый."
B наличии eсть дpугиe цвeта и модeли opигинaльнoй тexники Aррlе.
Cвяжитеcь c нaми и мы oбязaтельно поможем определиться с выбором или ответим на интересующие вопросы.

Магазин iPhone Market.
— Отличная репутация и лояльный подход к каждому покупателю
— Огромное наличие техники Apple.
— Гарантия 1 Год
— Бесплатная консультация по настройке техники
— Услуга наклейки стекла

Как получить?
— Экспресс — доставка по Москве и Московской области (в течение дня)
— Бесплатная Доставка по всей России (3-4 дня в зависимости от удаленности)
— Самовывоз в центре Москвы

Как можно оплатить?
Оплатить можно любым удобным способом.

О Телефоне.
Сертификация/Модель: LL/A iPhone 12 Pro Max.
Цвет: Серебристый.
Объем памяти: 512Гб.

Позвоните нам и получите Эксклюзивный Подарок при покупке смартфона.

"Артикул: Артикул- A872."""
"iPhone 12 mini, 128 ГБ,""['36090', '₽']"",""Новый, 5.4″"",""IPhone 12 mini 128Гб. Белый."
B наличии eсть дpугиe цвeта и модeли opигинaльнoй тexники Aррlе.
Cвяжитеcь c нaми и мы oбязaтельно поможем определиться с выбором или ответим на интересующие вопросы.

Магазин iPhone Market.
— Отличная репутация и лояльный подход к каждому покупателю
— Огромное наличие техники Apple.
— Гарантия 1 Год
— Бесплатная консультация по настройке техники
— Услуга наклейки стекла

Как получить?
— Экспресс — доставка по Москве и Московской области (в течение дня)
— Бесплатная Доставка по всей России (3-4 дня в зависимости от удаленности)
— Самовывоз в центре Москвы

Как можно оплатить?
Оплатить можно любым удобным способом.

О Телефоне.
Сертификация/Модель: LL/A iPhone 12 mini.
Цвет: Белый.
Объем памяти: 128Гб.

Позвоните нам и получите Эксклюзивный Подарок при покупке смартфона.

"Артикул: Артикул- 0331."""
"iPhone 12 Pro Max, 256 ГБ,""['59590', '₽']"",""Новый, 6.7″"",""IPhone 12 Pro Max 256Гб. Синий."
B наличии eсть дpугиe цвeта и модeли opигинaльнoй тexники Aррlе.
Cвяжитеcь c нaми и мы oбязaтельно поможем определиться с выбором или ответим на интересующие вопросы.

Магазин iPhone Market.
— Отличная репутация и лояльный подход к каждому покупателю
— Огромное наличие техники Apple.
— Гарантия 1 Год
— Бесплатная консультация по настройке техники
— Услуга наклейки стекла

Как получить?
— Экспресс — доставка по Москве и Московской области (в течение дня)
— Бесплатная Доставка по всей России (3-4 дня в зависимости от удаленности)
— Самовывоз в центре Москвы

Как можно оплатить?
Оплатить можно любым удобным способом.

О Телефоне.
Сертификация/Модель: LL/A iPhone 12 Pro Max.
Цвет: синий.
Объем памяти: 256Гб.

Позвоните нам и получите Эксклюзивный Подарок при покупке смартфона.

"Артикул: Артикул- Aaaa225."""
"iPhone 12 mini, 64 ГБ,""['34190', '₽']"",""Новый, 5.4″"",""IPhone 12 mini 64Gb. White."
Оригинальный магазин техники Apple.
Cвяжитеcь c нaми и мы oбязaтельно поможем определиться с выбором или ответим на интересующие вопросы.

Магазин iPhone Market.
— Отличная репутация и лояльный подход к каждому покупателю
— Огромное наличие техники Apple.
— Бесплатная Гарантия 12 месяцев с момента покупки
— Бесплатная экспертная консультация по настройке техники
— Быстрый перенос всех данных после покупки

Как получить?
— Экспресс — доставка по Москве и Московской области (в течение дня)
— Бесплатная Доставка по всей России (3-4 дня в зависимости от удаленности)
— Самовывоз в центре Москвы

Как можно оплатить?
Оплатить можно любым удобным способом.

О Телефоне.
Сертификация/модель: EU iPhone 12 mini.
Цвет: White.
Память: 64Gb.

Позвоните нам и получите Эксклюзивный Подарок при покупке смартфона.

"Артикул: Артикул- AA871."""
"iPhone 12 Pro Max, 512 ГБ,""['63190', '₽']"",""Новый, 6.7″"",""IPhone 12 Pro Max 512Гб. Золотой."
B наличии eсть дpугиe цвeта и модeли opигинaльнoй тexники Aррlе.
Cвяжитеcь c нaми и мы oбязaтельно поможем определиться с выбором или ответим на интересующие вопросы.

Магазин iPhone Market.
— Отличная репутация и лояльный подход к каждому покупателю
— Огромное наличие техники Apple.
— Гарантия 1 Год
— Бесплатная консультация по настройке техники
— Услуга наклейки стекла

Как получить?
— Экспресс — доставка по Москве и Московской области (в течение дня)
— Бесплатная Доставка по всей России (3-4 дня в зависимости от удаленности)
— Самовывоз в центре Москвы

Как можно оплатить?
Оплатить можно любым удобным способом.

О Телефоне.
Сертификация/Модель: LL/A iPhone 12 Pro Max.
Цвет: Золотой.
Объем памяти: 512Гб.

Позвоните нам и получите Эксклюзивный Подарок при покупке смартфона.

"Артикул: Артикул- Aaaa894."""
"iPhone 12 mini, 64 ГБ,""['34590', '₽']"",""Новый, 5.4″"",""IPhone 12 mini 64Гб. Фиолетовый."
B наличии eсть дpугиe цвeта и модeли opигинaльнoй тexники Aррlе.
Cвяжитеcь c нaми и мы oбязaтельно поможем определиться с выбором или ответим на интересующие вопросы.

Магазин iPhone Market.
— Отличная репутация и лояльный подход к каждому покупателю
— Огромное наличие техники Apple.
— Гарантия 1 Год
— Бесплатная консультация по настройке техники
— Услуга наклейки стекла

Как получить?
— Экспресс — доставка по Москве и Московской области (в течение дня)
— Бесплатная Доставка по всей России (3-4 дня в зависимости от удаленности)
— Самовывоз в центре Москвы

Как можно оплатить?
Оплатить можно любым удобным способом.

О Телефоне.
Сертификация/Модель: LL/A iPhone 12 mini.
Цвет: Фиолетовый.
Объем памяти: 64Гб.

Позвоните нам и получите Эксклюзивный Подарок при покупке смартфона.

"Артикул: Артикул- 00216."""
"iPhone 12 Pro Max, 256 ГБ,""['59790', '₽']"",""Новый, 6.7″"",""IPhone 12 Pro Max 256Gb. Серебристый."
B наличии eсть дpугиe цвeта и модeли opигинaльнoй тexники Aррlе.
Cвяжитеcь c нaми и мы oбязaтельно поможем определиться с выбором или ответим на интересующие вопросы.

Магазин iPhone Market.
— Отличная репутация и лояльный подход к каждому покупателю
— Огромное наличие техники Apple.
— Бесплатная Гарантия 12 месяцев с момента покупки
— Бесплатная экспертная консультация по настройке техники
— Быстрый перенос всех данных после покупки

Как получить?
— Экспресс — доставка по Москве и Московской области (в течение дня)
— Бесплатная Доставка по всей России (3-4 дня в зависимости от удаленности)
— Самовывоз в центре Москвы

Как можно оплатить?
Оплатить можно любым удобным способом.

О Телефоне.
Модель: iPhone 12 Pro Max.
Цвет: Серебристый.
Объем памяти: 256Gb.
Nanosim + esim.

Позвоните нам и получите Эксклюзивный Подарок при покупке смартфона.

"Артикул: Артикул- Aaa461."""
"iPhone 12 mini, 128 ГБ,""['36190', '₽']"",""Новый, 5.4″"",""IPhone 12 mini 128Гб. Зелёный."
B наличии eсть дpугиe цвeта и модeли opигинaльнoй тexники Aррlе.
Cвяжитеcь c нaми и мы oбязaтельно поможем определиться с выбором или ответим на интересующие вопросы.

Магазин iPhone Market.
— Отличная репутация и лояльный подход к каждому покупателю
— Огромное наличие техники Apple.
— Гарантия 1 Год
— Бесплатная консультация по настройке техники
— Услуга наклейки стекла

Как получить?
— Экспресс — доставка по Москве и Московской области (в течение дня)
— Бесплатная Доставка по всей России (3-4 дня в зависимости от удаленности)
— Самовывоз в центре Москвы

Как можно оплатить?
Оплатить можно любым удобным способом.

О Телефоне.
Сертификация/Модель: LL/A iPhone 12 mini.
Цвет: Зелёный.
Объем памяти: 128Гб.

Позвоните нам и получите Эксклюзивный Подарок при покупке смартфона.

"Артикул: Артикул- 0000516."""
"iPhone 12 mini, 128 ГБ,""['37090', '₽']"",""Новый, 5.4″"",""IPhone 12 mini 128Гб. Красный."
B наличии eсть дpугиe цвeта и модeли opигинaльнoй тexники Aррlе.
Cвяжитеcь c нaми и мы oбязaтельно поможем определиться с выбором или ответим на интересующие вопросы.

Магазин iPhone Market.
— Отличная репутация и лояльный подход к каждому покупателю
— Огромное наличие техники Apple.
— Гарантия 1 Год
— Бесплатная консультация по настройке техники
— Услуга наклейки стекла

Как получить?
— Экспресс — доставка по Москве и Московской области (в течение дня)
— Бесплатная Доставка по всей России (3-4 дня в зависимости от удаленности)
— Самовывоз в центре Москвы

Как можно оплатить?
Оплатить можно любым удобным способом.

О Телефоне.
Сертификация/Модель: LL/A iPhone 12 mini.
Цвет: Красный.
Объем памяти: 128Гб.

Позвоните нам и получите Эксклюзивный Подарок при покупке смартфона.

"Артикул: Артикул- 00133."""
"iPhone 12 Pro Max, 256 ГБ,""['60590', '₽']"",""Новый, 6.7″"",""IPhone 12 Pro Max 256Гб. Золотой."
B наличии eсть дpугиe цвeта и модeли opигинaльнoй тexники Aррlе.
Cвяжитеcь c нaми и мы oбязaтельно поможем определиться с выбором или ответим на интересующие вопросы.

Магазин iPhone Market.
— Отличная репутация и лояльный подход к каждому покупателю
— Огромное наличие техники Apple.
— Гарантия 1 Год
— Бесплатная консультация по настройке техники
— Услуга наклейки стекла

Как получить?
— Экспресс — доставка по Москве и Московской области (в течение дня)
— Бесплатная Доставка по всей России (3-4 дня в зависимости от удаленности)
— Самовывоз в центре Москвы

Как можно оплатить?
Оплатить можно любым удобным способом.

О Телефоне.
Сертификация/Модель: LL/A iPhone 12 Pro Max.
Цвет: Золотой.
Объем памяти: 256Гб.

Позвоните нам и получите Эксклюзивный Подарок при покупке смартфона.

"Артикул: Артикул- 0467."""
"iPhone 12 Pro Max, 512 ГБ,""['63290', '₽']"",""Новый, 6.7″"",""IPhone 12 Pro Max 512Gb. Графитовый."
B наличии eсть дpугиe цвeта и модeли opигинaльнoй тexники Aррlе.
Cвяжитеcь c нaми и мы oбязaтельно поможем определиться с выбором или ответим на интересующие вопросы.

Магазин iPhone Market.
— Отличная репутация и лояльный подход к каждому покупателю
— Огромное наличие техники Apple.
— Бесплатная Гарантия 12 месяцев с момента покупки
— Бесплатная экспертная консультация по настройке техники
— Быстрый перенос всех данных после покупки

Как получить?
— Экспресс — доставка по Москве и Московской области (в течение дня)
— Бесплатная Доставка по всей России (3-4 дня в зависимости от удаленности)
— Самовывоз в центре Москвы

Как можно оплатить?
Оплатить можно любым удобным способом.

О Телефоне.
Модель: iPhone 12 Pro Max.
Цвет: Графитовый.
Объем памяти: 512Gb.
Nanosim + esim.

Позвоните нам и получите Эксклюзивный Подарок при покупке смартфона.

"Артикул: Артикул- Aaaaa912."""
"iPhone 12 mini, 128 ГБ,""['36290', '₽']"",""Новый, 5.4″"",""IPhone 12 mini 128Gb. Синий."
B наличии eсть дpугиe цвeта и модeли opигинaльнoй тexники Aррlе.
Cвяжитеcь c нaми и мы oбязaтельно поможем определиться с выбором или ответим на интересующие вопросы.

Магазин iPhone Market.
— Отличная репутация и лояльный подход к каждому покупателю
— Огромное наличие техники Apple.
— Бесплатная Гарантия 12 месяцев с момента покупки
— Бесплатная экспертная консультация по настройке техники
— Быстрый перенос всех данных после покупки

Как получить?
— Экспресс — доставка по Москве и Московской области (в течение дня)
— Бесплатная Доставка по всей России (3-4 дня в зависимости от удаленности)
— Самовывоз в центре Москвы

Как можно оплатить?
Оплатить можно любым удобным способом.

О Телефоне.
Модель: iPhone 12 mini.
Цвет: Синий.
Объем памяти: 128Gb.
Nanosim + esim.

Позвоните нам и получите Эксклюзивный Подарок при покупке смартфона.

"Артикул: Артикул- Aaaa625."""
"iPhone 12 Pro Max, 128 ГБ,""['54090', '₽']"",""Новый, 6.7″"",""IPhone 12 Pro Max 128Gb. Графитовый."
B наличии eсть дpугиe цвeта и модeли opигинaльнoй тexники Aррlе.
Cвяжитеcь c нaми и мы oбязaтельно поможем определиться с выбором или ответим на интересующие вопросы.

Магазин iPhone Market.
— Отличная репутация и лояльный подход к каждому покупателю
— Огромное наличие техники Apple.
— Бесплатная Гарантия 12 месяцев с момента покупки
— Бесплатная экспертная консультация по настройке техники
— Быстрый перенос всех данных после покупки

Как получить?
— Экспресс — доставка по Москве и Московской области (в течение дня)
— Бесплатная Доставка по всей России (3-4 дня в зависимости от удаленности)
— Самовывоз в центре Москвы

Как можно оплатить?
Оплатить можно любым удобным способом.

О Телефоне.
Модель: iPhone 12 Pro Max.
Цвет: Графитовый.
Объем памяти: 128Gb.
Nanosim + esim.

Позвоните нам и получите Эксклюзивный Подарок при покупке смартфона.

"Артикул: Артикул- 0000614."""
"iPhone 12 Pro, 512 ГБ,""['54490', '₽']"",""Новый, 6.1″"",""IPhone 12 Pro 512Гб. Серебристый."
B наличии eсть дpугиe цвeта и модeли opигинaльнoй тexники Aррlе.
Cвяжитеcь c нaми и мы oбязaтельно поможем определиться с выбором или ответим на интересующие вопросы.

Магазин iPhone Market.
— Отличная репутация и лояльный подход к каждому покупателю
— Огромное наличие техники Apple.
— Гарантия 1 Год
— Бесплатная консультация по настройке техники
— Услуга наклейки стекла

Как получить?
— Экспресс — доставка по Москве и Московской области (в течение дня)
— Бесплатная Доставка по всей России (3-4 дня в зависимости от удаленности)
— Самовывоз в центре Москвы

Как можно оплатить?
Оплатить можно любым удобным способом.

О Телефоне.
Сертификация/Модель: LL/A iPhone 12 Pro.
Цвет: Серебристый.
Объем памяти: 512Гб.

Позвоните нам и получите Эксклюзивный Подарок при покупке смартфона.

"Артикул: Артикул- Aaaaa163."""
"iPhone 12 mini, 64 ГБ,""['34390', '₽']"",""Новый, 5.4″"",""IPhone 12 mini 64Гб. Зелёный."
B наличии eсть дpугиe цвeта и модeли opигинaльнoй тexники Aррlе.
Cвяжитеcь c нaми и мы oбязaтельно поможем определиться с выбором или ответим на интересующие вопросы.

Магазин iPhone Market.
— Отличная репутация и лояльный подход к каждому покупателю
— Огромное наличие техники Apple.
— Гарантия 1 Год
— Бесплатная консультация по настройке техники
— Услуга наклейки стекла

Как получить?
— Экспресс — доставка по Москве и Московской области (в течение дня)
— Бесплатная Доставка по всей России (3-4 дня в зависимости от удаленности)
— Самовывоз в центре Москвы

Как можно оплатить?
Оплатить можно любым удобным способом.

О Телефоне.
Сертификация/Модель: LL/A iPhone 12 mini.
Цвет: Зелёный.
Объем памяти: 64Гб.

Позвоните нам и получите Эксклюзивный Подарок при покупке смартфона.

"Артикул: Артикул- 0000165."""
"iPhone 12 Pro Max, 256 ГБ,""['59790', '₽']"",""Новый, 6.7″"",""IPhone 12 Pro Max 256Гб. Серебристый."
B наличии eсть дpугиe цвeта и модeли opигинaльнoй тexники Aррlе.
Cвяжитеcь c нaми и мы oбязaтельно поможем определиться с выбором или ответим на интересующие вопросы.

Магазин iPhone Market.
— Отличная репутация и лояльный подход к каждому покупателю
— Огромное наличие техники Apple.
— Гарантия 1 Год
— Бесплатная консультация по настройке техники
— Услуга наклейки стекла

Как получить?
— Экспресс — доставка по Москве и Московской области (в течение дня)
— Бесплатная Доставка по всей России (3-4 дня в зависимости от удаленности)
— Самовывоз в центре Москвы

Как можно оплатить?
Оплатить можно любым удобным способом.

О Телефоне.
Сертификация/Модель: LL/A iPhone 12 Pro Max.
Цвет: Серебристый.
Объем памяти: 256Гб.

Позвоните нам и получите Эксклюзивный Подарок при покупке смартфона.

"Артикул: Артикул- Aaa549."""
"iPhone 12 Pro Max, 512 ГБ,""['63390', '₽']"",""Новый, 6.7″"",""IPhone 12 Pro Max 512Gb. Silver."
Оригинальный магазин техники Apple.
Cвяжитеcь c нaми и мы oбязaтельно поможем определиться с выбором или ответим на интересующие вопросы.

Магазин iPhone Market.
— Отличная репутация и лояльный подход к каждому покупателю
— Огромное наличие техники Apple.
— Бесплатная Гарантия 12 месяцев с момента покупки
— Бесплатная экспертная консультация по настройке техники
— Быстрый перенос всех данных после покупки

Как получить?
— Экспресс — доставка по Москве и Московской области (в течение дня)
— Бесплатная Доставка по всей России (3-4 дня в зависимости от удаленности)
— Самовывоз в центре Москвы

Как можно оплатить?
Оплатить можно любым удобным способом.

О Телефоне.
Сертификация/модель: EU iPhone 12 Pro Max.
Цвет: Silver.
Память: 512Gb.

Позвоните нам и получите Эксклюзивный Подарок при покупке смартфона.

"Артикул: Артикул- Aaaaa857."""
"iPhone 12 Pro Max, 128 ГБ,""['54390', '₽']"",""Новый, 6.7″"",""IPhone 12 Pro Max 128Gb. Blue."
Оригинальный магазин техники Apple.
Cвяжитеcь c нaми и мы oбязaтельно поможем определиться с выбором или ответим на интересующие вопросы.

Магазин iPhone Market.
— Отличная репутация и лояльный подход к каждому покупателю
— Огромное наличие техники Apple.
— Бесплатная Гарантия 12 месяцев с момента покупки
— Бесплатная экспертная консультация по настройке техники
— Быстрый перенос всех данных после покупки

Как получить?
— Экспресс — доставка по Москве и Московской области (в течение дня)
— Бесплатная Доставка по всей России (3-4 дня в зависимости от удаленности)
— Самовывоз в центре Москвы

Как можно оплатить?
Оплатить можно любым удобным способом.

О Телефоне.
Сертификация/модель: EU iPhone 12 Pro Max.
Цвет: Blue.
Память: 128Gb.

Позвоните нам и получите Эксклюзивный Подарок при покупке смартфона.

"Артикул: Артикул- A651."""
"iPhone 12 mini, 128 ГБ,""['36090', '₽']"",""Новый, 5.4″"",""IPhone 12 mini 128Gb. White."
Оригинальный магазин техники Apple.
Cвяжитеcь c нaми и мы oбязaтельно поможем определиться с выбором или ответим на интересующие вопросы.

Магазин iPhone Market.
— Отличная репутация и лояльный подход к каждому покупателю
— Огромное наличие техники Apple.
— Бесплатная Гарантия 12 месяцев с момента покупки
— Бесплатная экспертная консультация по настройке техники
— Быстрый перенос всех данных после покупки

Как получить?
— Экспресс — доставка по Москве и Московской области (в течение дня)
— Бесплатная Доставка по всей России (3-4 дня в зависимости от удаленности)
— Самовывоз в центре Москвы

Как можно оплатить?
Оплатить можно любым удобным способом.

О Телефоне.
Сертификация/модель: EU iPhone 12 mini.
Цвет: White.
Память: 128Gb.

Позвоните нам и получите Эксклюзивный Подарок при покупке смартфона.

"Артикул: Артикул- 00982."""
"iPhone 12, 128 ГБ,""['32990', '₽']"",""Б⁠/⁠у, 6.1″"",""Не Упускайте Свой Шанс Обновить Телефон!"
Узнайте цену Вашего устройства, просто написав нам!

Apple доступный каждому — приветствуем в Miraphone!

Наша команда с высоким профессионализмом:

Проводит оценку по программе Trade-IN!

Предоставляет гарантию на всю продукцию!

Рассказывает об комфортных условиях Рассрочки!

Каждый год открываем новые магазины по стране!

IPhone 12, Blue, 128gb, б/у.

- 100% Оригинал.

- Гарантия возврата денежных средств.
- Без сколов и повреждений.
- Работают все функции.

- Достойное внешнее состояние (на фото пример из кат. A).

Переходите на страницу Miraphone — у нас Вы найдете большой ассортимент оригинальной техники Apple в наличии и под заказ под свой вкус и бюджет! Мы открыты для Вас в более чем 14 разных городах России!

- Стоимость указана за наличный расчет и актуальна для кат. B. При оплате картой +3%.

- Мы не ремонтируем устройства, а меняем на аналогичное полностью исправное, либо производим возврат денежных средств.

Доступны различные способы оплаты: наличными, по QR-коду, картой 3 % или оплата частями — Яндекс Сплит.

Ждём Вас по адресу: город Москва, улица Барклая 10, ТЦ Багратионовский, 1 этаж, секция А-21.

График работы: 10:00-20:30.

Добавьте объявление в избранное! Переходите на профиль, Вас ждёт ещё больше предложений!

"Не упустите шанс выгодно продать свое устройство — обращайтесь к нам!"""
"OPPO Reno 8T, 8/128 ГБ,""['18700', '₽']"",""Новый, 6.43″"",""Запечатанная коробочка со смартфоном в продаже. Оригинал. Абсолютно новый. На cмc нe oтвечаю."

Oбмен не интерeсeн.

Пишите в прилoжeниe aвитo или звоните -если есть вопросы или хотите приобрести вещь.

Еаc — Ростест — официальная версия для России.

Смартфон Oppo Reno 8 T 8/128GB Оранжевый — Eac в коробке — новый — не вскрывался в пленках.
Зарядка на 33 Вт и шнур Usb -Type C в комплекте поставки.

Смартфон новый — в запечатанной коробке.
Не открывался никогда — камера может снимать макро сьемку.

Ядер — 8x(2.2 ггц), 8 ГБ, 2 Sim, Amoled, 2400x1080, камера 100+2+2 Мп, Nfc, 4G, Gps, 5000 мА*ч.
Регион Eac — официальная поставка для стран Снг — не из китая или арабских эмиратов.

Смартфон Oppo reno8 T 128 ГБ примечателен оригинальным оформлением в золотистой расцветке. Процессор mediatek Helio G99 игрового уровня в сочетании с 8 ГБ оперативной памяти обеспечивает высокое быстродействие системы при запуске приложений, просмотре мультимедийного контента и выполнении других задач. Встроенная память 128 ГБ может быть увеличена картой microsd.
Камера 100+2+2 Мп с автофокусом и светодиодной вспышкой позволяет создавать естественные фотографии и видео. Функционал камеры предлагает множество режимов и функций. Для селфи и видеообщения дополнительно предлагается камера 32 Мп. Из особенностей Oppo reno8 T — стереодинамики, функции защиты доступа, одновременная работа с двумя картами Sim, широкий набор интерфейсов беспроводного подключения Wi-Fi и Bluetooth, аккумулятор 5000 мА*ч.

Сделан в Кнр.

Смартфон на гарантии.

Полный комплект поставки — коробка в пленках.

В фирменной коробке.

Глобальная версия — Ростест — Eac.

Комплектация.
Зарядка, Usb кабель, Инструмент для извлечения sim-карты.

Глобальная версия — ростест.
Все на русском языке из коробки — без перепрошивок.

Оригинал. Для рынка России — активируется без проблем.

Еаc — Ростест — официальная версия для России.

Андроид русифицированный.

Работает без проблем.

Отличная камера.

Шикарный экран Amoled.

Цвет — оранжевый.

Смартфон Oppo reno8 T (Cph2481), оранжевый работает на базе ОС Android 13 (оболочка coloros 13) c плавным интерфейсом Aquamorphic, современными программными дополнениями и защитой данных. Объем внутренней памяти устройства составляет 128 Гб, оперативной — 8 Гб. Расширение Озу позволяет выделять неиспользуемую флеш-память на нужды оперативной памяти. Вычислительную производительность девайса обеспечивают восьмиядерный процессор Mediatek Helio G99 и контроллер Arm Mali-G57 MC2. Предусмотрена поддержка Nfc, двух nanosim-карт в сетях 2G, 3G, 4G Lte и карты памяти до 2 Тб. Встроенные модули обеспечивают связь по Wi-Fi (2,4 ггц, 5 ггц) и Bluetooth 5.3.
Корпус девайса габаритами 160,8х73,8х7,8 мм удобен для управления одной рукой. Фактура тыльной стороны имитирует кожу. Сенсорный Amoled-экран диагональю 6,43 дюйма с регулируемой частотой 60/90 Гц поддерживает вывод изображений разрешением 2400x1080 пикселей и яркостью до 800 нит. Покрытие Gorilla Glass 5 (GG5) защищает дисплей от царапин. Сканер отпечатка пальца и сенсор распознавания лица идентифицируют владельца.
Девайс оснащен микрофоном и системой двойных стереодинамиков. Основной съемочный модуль состоит из камеры 100 Мп с автофокусом и углом обзора 84°, и двух вспомогательных сенсоров (с микролинзами и датчиком глубины съемки) разрешением по 2 Мп. Светодиодное кольцо, опоясывающее основную камеру, активно во время зарядки, поступления входящих звонков и запуске игр. Фронтальный объектив 32 Мп снимает селфи в Hdr. Аккумулятор емкостью 5000 мА*ч совместим с зарядным устройством supervooc выходной мощностью 33 Вт.

В наличии в москве.

Могу выслать в регионы.

"Могу выслать в регионы России или переслать по Москве или бесплатная встреча в Москве. Полный комплект:"""
"iPhone 15, 128 ГБ,""['66000', '₽']"",""Новый, 6.1″"",""Добрый день!"

На связи Ogw Trade.

В наличии: iPhone 15 128гб ( Black).

Лучшая цена.

Оригинальная продукция!

Гарантия 90 дней.

Оперативная и надежная отправка Ваших посылок любым вариантом Авито Доставки.

Dynamic Island.

Dynamic Island отображает всплывающие оповещения и интерактивные действия, поэтому вы не пропустите их, пока занимаетесь чем-то другим. Вы можете отслеживать свою следующую поездку, видеть, кто звонит, проверять статус рейса и многое другое.

Целый день автономной работы.

Аккумулятор смартфона обеспечит до 26 часов воспроизведение видео на iPhone 15 Plus и до 20 часов воспроизведение видео на iPhone 15.

Процессор A16 Bionic.

A16 Bionic поддерживает все виды расширенных функций. Например, цифровая обработка фотографий, плавная работа в играх с интенсивным использованием графики, активное шумоподавление и приоритезацию голоса при телефонных звонках. И все это с невероятной эффективностью и длительным временем автономной работы.

Графический процессор A16 Bionic работает до 40 % быстрее, чем графический процессор iPhone 12.

Usb-разъем.

Новый разъем Usb-C позволяет заряжать Mac или iPad с помощью того же кабеля, который вы используете для зарядки iPhone 15. Вы даже можете использовать iPhone 15 для зарядки Apple Watch или AirPods.

При покупки телефона защитное стекло в подарок.

Самовывоз:

Метро Савеловская.

Сущевский вал 5с1 5 подъезд, 2 этаж, 0203 офис.

Метро Багратионовская.

Багратионовский пр., 7, корп. 2, 121087.

Доставка:

Возможно отправка Авито доставкой: Сдэк, exmail, Boxberry.

"Доставка по Москве нашим курьером."""
"iPhone 15, 128 ГБ,""['66500', '₽']"",""Новый, 6.1″"",""Добрый день!"

На связи Ogw Trade.

В наличии: iPhone 15 128гб ( green).

Лучшая цена.

Оригинальная продукция!

Гарантия 90 дней.

Оперативная и надежная отправка Ваших посылок любым вариантом Авито Доставки.

Dynamic Island.

Dynamic Island отображает всплывающие оповещения и интерактивные действия, поэтому вы не пропустите их, пока занимаетесь чем-то другим. Вы можете отслеживать свою следующую поездку, видеть, кто звонит, проверять статус рейса и многое другое.

Целый день автономной работы.

Аккумулятор смартфона обеспечит до 26 часов воспроизведение видео на iPhone 15 Plus и до 20 часов воспроизведение видео на iPhone 15.

Процессор A16 Bionic.

A16 Bionic поддерживает все виды расширенных функций. Например, цифровая обработка фотографий, плавная работа в играх с интенсивным использованием графики, активное шумоподавление и приоритезацию голоса при телефонных звонках. И все это с невероятной эффективностью и длительным временем автономной работы.

Графический процессор A16 Bionic работает до 40 % быстрее, чем графический процессор iPhone 12.

Usb-разъем.

Новый разъем Usb-C позволяет заряжать Mac или iPad с помощью того же кабеля, который вы используете для зарядки iPhone 15. Вы даже можете использовать iPhone 15 для зарядки Apple Watch или AirPods.

При покупки телефона защитное стекло в подарок.

Самовывоз:

Метро Савеловская.

Сущевский вал 5с1 5 подъезд, 2 этаж, 0203 офис.

Метро Багратионовская.

Багратионовский пр., 7, корп. 2, 121087.

Доставка:

Возможно отправка Авито доставкой: Сдэк, exmail, Boxberry.

"Доставка по Москве нашим курьером."""
"Sony Xperia Ace III, 4/64 ГБ,""['11000', '₽']"",""Б⁠/⁠у, 5.5″"",""Продам б/у Sony Xperia Ace 3 iii (на 1 Сим)."

(Черный).

Sim+micro SD.

Компактный малыш.

В хорошем состоянии (небольшой скол на торце корпуса в верхнем углу, на фото видно).

"Ips экран 5.5"""", 720 x 1496."

4/64.

Android 13.

Аккумулятор держит отлично, с шикарной автономностью.

"Телефон + блок и кабель Type-c (наклеено качественное защитное стекло)."""
"iPhone 12 mini, 64 ГБ,""['34000', '₽']"",""Новый, 5.4″"",""IPhone 12 mini 64Gb. Зелёный."
Сеть магазинов техники Apple — насвязи.
Работаем по всей России и странам Снг без выходных!

О Нас.
* Индивидуальный подход.
* В наличии все популярные модели.
* Гарантия на всю технику.
* Дополнительные услуги — наклейка защиты экрана, настройки техники и т. Д
* Поможем перенести ваши данные на новый смартфон бесплатно!

Про Доставку.
— Доставим в течение нескольких часов по Москве и Московской области
— Доставка по всей России и странам Снг транспортными компаниями (от 2х дней)
— Самовывозы в городах по всей России и Беларуси

Про Оплату.
Оплата любым удобным способом.

Характеристики.
Модель: iPhone 12 mini.
Цвет: Зелёный.
Объем памяти: 64Gb.
Nanosim + esim.

Получите Полезный Подарок если Вы нашли нас на авито! Промокод, на связи,

"Артикул: Aaaak16."""
"iPhone 12 mini, 64 ГБ,""['34000', '₽']"",""Новый, 5.4″"",""IPhone 12 mini 64Гб. Зелёный."
Сеть магазинов техники Apple — насвязи.
Работаем по всей России и странам Снг без выходных!

Насвязи.
* Индивидуальный подход.
* В наличии все популярные модели.
* Гарантия на всю технику.
* Дополнительные услуги — наклейка защиты экрана, настройки техники и т. Д
* Поможем перенести ваши данные на новый смартфон бесплатно!

Про Доставку.
* Доставим в течение нескольких часов по Москве и Московской области
* Доставка по всей России и странам Снг транспортными компаниями (от 2х дней)
* Самовывозы в городах по всей России и Беларуси

Про Оплату.
Оплата любым способом.

О Смартфоне.
Сертификация/Модель: LL/A iPhone 12 mini.
Цвет: Зелёный.
Объем памяти: 64Гб.

Получите Полезный Подарок если Вы нашли нас на авито! Промокод, на связи,

"Артикул: Aa24w."""
"iPhone 12 Pro Max, 512 ГБ,""['63000', '₽']"",""Новый, 6.7″"",""IPhone 12 Pro Max 512Гб. Серебристый."
Сеть магазинов техники Apple — насвязи.
Работаем по всей России и странам Снг без выходных!

Насвязи.
* Индивидуальный подход.
* В наличии все популярные модели.
* Гарантия на всю технику.
* Дополнительные услуги — наклейка защиты экрана, настройки техники и т. Д
* Поможем перенести ваши данные на новый смартфон бесплатно!

Про Доставку.
* Доставим в течение нескольких часов по Москве и Московской области
* Доставка по всей России и странам Снг транспортными компаниями (от 2х дней)
* Самовывозы в городах по всей России и Беларуси

Про Оплату.
Оплата любым способом.

О Смартфоне.
Сертификация/Модель: LL/A iPhone 12 Pro Max.
Цвет: Серебристый.
Объем памяти: 512Гб.

Получите Полезный Подарок если Вы нашли нас на авито! Промокод, на связи,

"Артикул: A7D1."""
"iPhone 12 Pro Max, 128 ГБ,""['53900', '₽']"",""Новый, 6.7″"",""IPhone 12 Pro Max 128Gb. Золотой."
Сеть магазинов техники Apple — насвязи.
Работаем по всей России и странам Снг без выходных!

О Нас.
* Индивидуальный подход.
* В наличии все популярные модели.
* Гарантия на всю технику.
* Дополнительные услуги — наклейка защиты экрана, настройки техники и т. Д
* Поможем перенести ваши данные на новый смартфон бесплатно!

Про Доставку.
— Доставим в течение нескольких часов по Москве и Московской области
— Доставка по всей России и странам Снг транспортными компаниями (от 2х дней)
— Самовывозы в городах по всей России и Беларуси

Про Оплату.
Оплата любым удобным способом.

Характеристики.
Модель: iPhone 12 Pro Max.
Цвет: Золотой.
Объем памяти: 128Gb.
Nanosim + esim.

Получите Полезный Подарок если Вы нашли нас на авито! Промокод, на связи,

"Артикул: 0372."""
"iPhone 12 mini, 128 ГБ,""['36600', '₽']"",""Новый, 5.4″"",""IPhone 12 mini 128Gb. White."
Сеть магазинов техники Apple — насвязи.
Работаем по всей России и странам Снг без выходных!

Насвязи.
— Индивидуальный подход к каждому покупателю.
— В наличии все популярные модели.
— Гарантия на всю технику.
— Дополнительные услуги — наклейка защиты экрана, настройки техники и т. Д
— Поможем перенести ваши данные на новый смартфон бесплатно!

Доставка.
— Доставим в течение нескольких часов по Москве и Московской области
— Доставка по всей России и странам Снг транспортными компаниями (от 2х дней)
— Самовывозы в городах по всей России и Беларуси

Оплата.
Оплата любым удобным способом.

Характеристики.
Сертификация/модель: EU iPhone 12 mini.
Цвет: White.
Память: 128Gb.

Получите Полезный Подарок если Вы нашли нас на авито! Промокод, на связи,

"Артикул: 000014Q."""
"iPhone 12 Pro, 512 ГБ,""['54500', '₽']"",""Новый, 6.1″"",""IPhone 12 Pro 512Gb. Gold."
Сеть магазинов техники Apple — насвязи.
Работаем по всей России и странам Снг без выходных!

Насвязи.
— Индивидуальный подход к каждому покупателю.
— В наличии все популярные модели.
— Гарантия на всю технику.
— Дополнительные услуги — наклейка защиты экрана, настройки техники и т. Д
— Поможем перенести ваши данные на новый смартфон бесплатно!

Доставка.
— Доставим в течение нескольких часов по Москве и Московской области
— Доставка по всей России и странам Снг транспортными компаниями (от 2х дней)
— Самовывозы в городах по всей России и Беларуси

Оплата.
Оплата любым удобным способом.

Характеристики.
Сертификация/модель: EU iPhone 12 Pro.
Цвет: Gold.
Память: 512Gb.

Получите Полезный Подарок если Вы нашли нас на авито! Промокод, на связи,

"Артикул: Aaa53q."""
"iPhone 12 mini, 64 ГБ,""['33800', '₽']"",""Новый, 5.4″"",""IPhone 12 mini 64Gb. Red."
Сеть магазинов техники Apple — насвязи.
Работаем по всей России и странам Снг без выходных!

Насвязи.
— Индивидуальный подход к каждому покупателю.
— В наличии все популярные модели.
— Гарантия на всю технику.
— Дополнительные услуги — наклейка защиты экрана, настройки техники и т. Д
— Поможем перенести ваши данные на новый смартфон бесплатно!

Доставка.
— Доставим в течение нескольких часов по Москве и Московской области
— Доставка по всей России и странам Снг транспортными компаниями (от 2х дней)
— Самовывозы в городах по всей России и Беларуси

Оплата.
Оплата любым удобным способом.

Характеристики.
Сертификация/модель: EU iPhone 12 mini.
Цвет: Red.
Память: 64Gb.

Получите Полезный Подарок если Вы нашли нас на авито! Промокод, на связи,

"Артикул: AA142."""
"iPhone 12 mini, 128 ГБ,""['36400', '₽']"",""Новый, 5.4″"",""IPhone 12 mini 128Гб. Синий."
Сеть магазинов техники Apple — насвязи.
Работаем по всей России и странам Снг без выходных!

Насвязи.
* Индивидуальный подход.
* В наличии все популярные модели.
* Гарантия на всю технику.
* Дополнительные услуги — наклейка защиты экрана, настройки техники и т. Д
* Поможем перенести ваши данные на новый смартфон бесплатно!

Про Доставку.
* Доставим в течение нескольких часов по Москве и Московской области
* Доставка по всей России и странам Снг транспортными компаниями (от 2х дней)
* Самовывозы в городах по всей России и Беларуси

Про Оплату.
Оплата любым способом.

О Смартфоне.
Сертификация/Модель: LL/A iPhone 12 mini.
Цвет: Синий.
Объем памяти: 128Гб.

Получите Полезный Подарок если Вы нашли нас на авито! Промокод, на связи,

"Артикул: 0041Q."""
"OnePlus Ace Pro, 16/512 ГБ,""['29000', '₽']"",Б⁠/⁠у,""Продам б/у Oneplus Ace Pro."

В отличном состоянии.

Экран без царапин и выгорания.

Snapdragon 8+ gen 1.

16/512.

Версия Pgp110 на Color OS (На Oxygen не прошиваю, т. К. Качество прошивок стало хуже, много глюков.).

6,7-дюймовый Oled-дисплей с разрешением (1080х2412 пикселей).

Основная камера Imx766, которая выдаёт отличное качество фото и видео.

Без коробки.

"Телефон+кабель 10А."""
"iPhone 12 mini, 64 ГБ,""['34100', '₽']"",""Новый, 5.4″"",""IPhone 12 mini 64Gb. White."
Сеть магазинов техники Apple — насвязи.
Работаем по всей России и странам Снг без выходных!

Насвязи.
— Индивидуальный подход к каждому покупателю.
— В наличии все популярные модели.
— Гарантия на всю технику.
— Дополнительные услуги — наклейка защиты экрана, настройки техники и т. Д
— Поможем перенести ваши данные на новый смартфон бесплатно!

Доставка.
— Доставим в течение нескольких часов по Москве и Московской области
— Доставка по всей России и странам Снг транспортными компаниями (от 2х дней)
— Самовывозы в городах по всей России и Беларуси

Оплата.
Оплата любым удобным способом.

Характеристики.
Сертификация/модель: EU iPhone 12 mini.
Цвет: White.
Память: 64Gb.

Получите Полезный Подарок если Вы нашли нас на авито! Промокод, на связи,

"Артикул: 0666."""
"iPhone 12 Pro, 512 ГБ,""['54400', '₽']"",""Новый, 6.1″"",""IPhone 12 Pro 512Гб. Серебристый."
Сеть магазинов техники Apple — насвязи.
Работаем по всей России и странам Снг без выходных!

Насвязи.
* Индивидуальный подход.
* В наличии все популярные модели.
* Гарантия на всю технику.
* Дополнительные услуги — наклейка защиты экрана, настройки техники и т. Д
* Поможем перенести ваши данные на новый смартфон бесплатно!

Про Доставку.
* Доставим в течение нескольких часов по Москве и Московской области
* Доставка по всей России и странам Снг транспортными компаниями (от 2х дней)
* Самовывозы в городах по всей России и Беларуси

Про Оплату.
Оплата любым способом.

О Смартфоне.
Сертификация/Модель: LL/A iPhone 12 Pro.
Цвет: Серебристый.
Объем памяти: 512Гб.

Получите Полезный Подарок если Вы нашли нас на авито! Промокод, на связи,

"Артикул: Aaak16."""
"iPhone 12 mini, 128 ГБ,""['36400', '₽']"",""Новый, 5.4″"",""IPhone 12 mini 128Gb. Purple."
Сеть магазинов техники Apple — насвязи.
Работаем по всей России и странам Снг без выходных!

Насвязи.
— Индивидуальный подход к каждому покупателю.
— В наличии все популярные модели.
— Гарантия на всю технику.
— Дополнительные услуги — наклейка защиты экрана, настройки техники и т. Д
— Поможем перенести ваши данные на новый смартфон бесплатно!

Доставка.
— Доставим в течение нескольких часов по Москве и Московской области
— Доставка по всей России и странам Снг транспортными компаниями (от 2х дней)
— Самовывозы в городах по всей России и Беларуси

Оплата.
Оплата любым удобным способом.

Характеристики.
Сертификация/модель: EU iPhone 12 mini.
Цвет: Purple.
Память: 128Gb.

Получите Полезный Подарок если Вы нашли нас на авито! Промокод, на связи,

"Артикул: Aaaa727."""
"iPhone 12 Pro Max, 256 ГБ,""['60100', '₽']"",""Новый, 6.7″"",""IPhone 12 Pro Max 256Гб. Серебристый."
Сеть магазинов техники Apple — насвязи.
Работаем по всей России и странам Снг без выходных!

Насвязи.
* Индивидуальный подход.
* В наличии все популярные модели.
* Гарантия на всю технику.
* Дополнительные услуги — наклейка защиты экрана, настройки техники и т. Д
* Поможем перенести ваши данные на новый смартфон бесплатно!

Про Доставку.
* Доставим в течение нескольких часов по Москве и Московской области
* Доставка по всей России и странам Снг транспортными компаниями (от 2х дней)
* Самовывозы в городах по всей России и Беларуси

Про Оплату.
Оплата любым способом.

О Смартфоне.
Сертификация/Модель: LL/A iPhone 12 Pro Max.
Цвет: Серебристый.
Объем памяти: 256Гб.

Получите Полезный Подарок если Вы нашли нас на авито! Промокод, на связи,

"Артикул: 024Q."""
"iPhone 12 Pro Max, 256 ГБ,""['59700', '₽']"",""Новый, 6.7″"",""IPhone 12 Pro Max 256Gb. Графитовый."
Сеть магазинов техники Apple — насвязи.
Работаем по всей России и странам Снг без выходных!

О Нас.
* Индивидуальный подход.
* В наличии все популярные модели.
* Гарантия на всю технику.
* Дополнительные услуги — наклейка защиты экрана, настройки техники и т. Д
* Поможем перенести ваши данные на новый смартфон бесплатно!

Про Доставку.
— Доставим в течение нескольких часов по Москве и Московской области
— Доставка по всей России и странам Снг транспортными компаниями (от 2х дней)
— Самовывозы в городах по всей России и Беларуси

Про Оплату.
Оплата любым удобным способом.

Характеристики.
Модель: iPhone 12 Pro Max.
Цвет: Графитовый.
Объем памяти: 256Gb.
Nanosim + esim.

Получите Полезный Подарок если Вы нашли нас на авито! Промокод, на связи,

"Артикул: Aaa431."""
"iPhone 12 mini, 64 ГБ,""['33700', '₽']"",""Новый, 5.4″"",""IPhone 12 mini 64Gb. Black."
Сеть магазинов техники Apple — насвязи.
Работаем по всей России и странам Снг без выходных!

Насвязи.
— Индивидуальный подход к каждому покупателю.
— В наличии все популярные модели.
— Гарантия на всю технику.
— Дополнительные услуги — наклейка защиты экрана, настройки техники и т. Д
— Поможем перенести ваши данные на новый смартфон бесплатно!

Доставка.
— Доставим в течение нескольких часов по Москве и Московской области
— Доставка по всей России и странам Снг транспортными компаниями (от 2х дней)
— Самовывозы в городах по всей России и Беларуси

Оплата.
Оплата любым удобным способом.

Характеристики.
Сертификация/модель: EU iPhone 12 mini.
Цвет: Black.
Память: 64Gb.

Получите Полезный Подарок если Вы нашли нас на авито! Промокод, на связи,

"Артикул: 0000N72."""
